{
"varianzaRuido":0.00064419,
"ruidoBlanco":[0.044286,0.0090764,-0.058716,0.023831,0.026186,0.0020887,0.029629,-0.019971,-0.042553,-0.027177,0.019644,0.039171,0.030544,0.016522,-0.0063028,-0.061117,0.052656,-0.040025,0.044903,-0.022994,0.011197,-0.010034,0.023119,0.019278,-0.023542,0.050344,0.010829,0.0048705,-0.018176,0.0052505,-0.0047835,0.016852,0.014104,-0.003028,-0.015084,0.062229,-0.0065026,-0.0022631,0.0028663,-0.005877,0.018403,0.0082293,-0.031572,0.04147,-0.0010479,0.027818,0.0053904,0.010059,0.0052391,0.0087377,0.032999,0.0091059,0.0087135,-0.0053388,-0.018277,-0.024315,0.00013016,3.144e-05,0.00065913,-0.019367,-0.037441,0.0023114,-0.0013223,-0.024434,-0.014113,0.0004017,0.049934,-0.00787,0.017516,0.017495,0.034706,0.0099031,-0.0083393,-0.029396,-0.017189,-0.020218,-0.025115,-0.057712,-0.0097313,0.0030127,-0.028952,-0.01527,-0.00093385,-0.017132,-0.0018031,0.01962,-0.024964,-0.026598,0.035294,0.039132,-0.033774,-0.010877,-0.0058026,0.0012428,0.037109,0.021735,0.040463,0.010842,0.028194,0.0017341,0.01496,-0.030585,0.01097,0.048811,0.011274,-0.045464,0.028967,-0.027474,0.011738,0.029445,0.01588,-0.016073,0.037675,-0.035611,-0.031885,-0.0025675,0.012498,0.0067141,0.010084,0.0010556,0.0088471,0.022211,-0.015124,-0.041477,-0.017202,0.011968,0.018855,0.0089412,-0.023862,0.018083,-3.7316e-05,0.0021433,-0.012601,-0.039582,-0.019486,9.6099e-05,0.0068696,-0.010716,0.012673,-0.009742,-0.055829,0.0039283,-0.0055488,0.00013027,-0.020267,-0.012959,-0.020834,-0.032604,-0.0012931,0.016816,-0.0038753,-0.05094,0.010589,0.0098802,0.017339,-0.0023577,0.0011474,-0.053343,-0.020841,-0.042364,-0.016548,0.018235,0.039096,-0.014394,-0.008775,0.021256,-0.016107,0.014192,-0.032108,0.019325,0.0083437,0.017817,-0.0066777,0.02683,0.017004,-0.0069067,-0.045056,-0.030442,0.012499,-0.02417,-0.014351,0.041489,-0.0075193,0.04672,-0.020807,0.0062902,-0.0022822,0.0018526,-0.010448,0.012886,-0.037178,0.0078202,0.02424,0.038098,0.0023544,0.025262,-0.024336,-0.004754,-0.0063726,-0.025131,-0.026779,0.026514,-0.0054119,0.016272,0.0041315,0.034542,0.00053118,0.0053178,0.013019,-0.018746,0.053123,0.037632,0.013313,0.019672,0.028975,0.01264,0.012978,0.034109,-0.024848,-0.024757,-0.0055803,0.015189,0.011001,0.00037416,0.0044892,-0.028864,-0.028909,0.024547,-0.0066123,0.012115,-0.0076354,0.01552,-0.0087813,-0.022077,-0.021819,-0.019185,-0.030303,-0.024284,0.030752,-0.017317,-0.028429,-0.00036117,0.014845,0.040666,-0.006648,0.030469,-0.029676,0.0030992,0.00011331,0.00036406,0.014871,0.066056,0.027751,-0.020986,0.01553,-0.031414,-0.0086224,0.0024854,-0.0084877,-0.020813,0.043855,0.029681,0.044885,-0.003766,-0.030356,-0.013239,-0.014811,-0.007867,0.0058357,-0.056147,0.01774,0.002503,-0.036999,-0.025188,0.0033376,-0.016594,0.034753,-0.017559,0.00065541,-0.044445,-0.033989,0.043428,-0.037961,-0.052512,-0.011195,0.036123,-0.00020236,0.00094714,0.0060476,-0.0095883,0.049774,0.004799,-0.014847,-0.0011178,-0.0086612,-0.039428,-0.011835,-0.025426,-0.024321,-0.039845,-0.028109,-0.021193,0.01239,-0.015058,0.025604,-0.017384,0.0091586,-0.0025998,-0.027676,0.0071384,0.022213,-0.017823,-0.030094,0.00053412,-0.041285,-0.016006,0.0033256,-0.015439,-0.023648,0.0052305,0.0072201,-0.0031067,-0.02537,0.026103,-0.00050755,-0.0047758,-0.0032994,-0.016725,-0.017998,-0.0097161,0.041512,-0.025395,0.0041734,0.034528,0.019071,-0.022087,-0.016544,-0.039303,-0.011014,0.018609,-0.00093721,-0.0094322,0.0052465,-0.038034,0.022896,-0.011405,-0.0089791,-0.0091183,0.010788,0.0087721,-0.0053875,0.006329,0.056531,-0.00011157,-0.012626,0.046561,-0.02948,0.00066583,-0.014276,-0.018934,-0.0076288,-0.0054092,-0.038118,0.023888,-0.042924,0.023911,0.0035274,-0.0056857,-0.017466,-0.0084141,-0.045019,0.0032153,0.03611,-0.0081664,-0.047458,0.0017908,-0.015494,0.030132,0.01141,0.04136,0.0047726,0.024479,-0.0070351,-0.068129,-0.016686,0.0023107,-0.006151,-0.01172,0.012746,0.017853,0.014853,-0.035654,-0.016423,-0.0013955,-0.0050247,0.020159,0.029651,0.028107,-0.015569,-0.031822,-0.037147,0.0093236,-0.032478,-0.050172,0.018263,-0.0025787,0.0036841,0.012706,-0.011188,-0.0059321,-0.0049183,0.019936,0.017653,-0.054056,-0.012871,-0.019549,0.020225,0.0090851,-0.0014073,0.024288,0.0049532,-0.024823,0.038432,0.013698,-0.0020031,-0.025817,-0.02902,0.012119,-0.028821,-0.029329,0.0010323,-0.010233,0.026957,-0.011159,0.014772,0.012652,-0.00050126,-0.035159,0.028876,-0.018574,-0.0028209,-0.043133,-0.003506,0.014016,0.016024,0.029173,0.0047477,-0.014873,-0.007613,0.006718,-0.047231,0.01073,0.013581,-0.014616,0.0043585,-0.03192,0.052388,-0.041053,-0.0027146,0.030528,0.00013208,0.02318,-0.0073597,0.037169,-0.012905,-0.0188,-0.032978,0.0076794,0.013185,0.0029834,-0.0047372,-0.035972,-0.015267,-0.0012504,-0.0048326,0.012944,-0.0075309,-0.019484,-0.0055121,0.036891,-0.014563,0.020069,0.0022753,-0.0097138,0.0083879,0.0057708,-0.032698,0.00038895,-0.0016878,-0.0044692,0.033781,-0.0080474,0.0045741,-0.022835,-0.01825,0.025588,-0.016408,0.021851,-0.0039171,-0.0011967,-0.047804,0.061142,-0.0066582,-0.010155,-0.0066969,0.014857,0.0032564,0.011758,0.02635,-0.016343,0.0080332,0.0015202,-0.013407,0.053183,-0.053184,0.012807,-0.00689,-0.027496,-0.042391,-0.04222,-0.081137,0.010601,0.0037182,-0.0074592,-0.026109,-0.025924,-0.022663,-0.038219,0.0041662,-0.022028,0.039312,0.0036377,0.031232,0.038614,0.0091308,-0.0076171,-0.012939,-0.009987,0.035938,-0.0033045,0.0015008,-0.0065562,0.0055527,-0.045509,0.0033682,-0.015148,0.0091665,0.011476,-0.0046809,-0.0039174,-0.025255,0.012775],
"ordenModelo":13,
"coef_AR":[-1.2476,0.67121,-0.40071,0.45187,-0.47751,0.33489,-0.20246,0.092138,-0.10045,0.24075,-0.37748,0.28009,-0.16939],
"tiempoSegmSenal":[14.675,14.7],
"fs":22050
}
