{
"varianzaRuido":0.003672,
"ruidoBlanco":[0.0020288,-0.080816,0.068322,0.02122,-0.018122,0.001387,-0.015876,-0.10606,-0.017309,-0.050378,-0.059337,-0.070074,-0.032332,-0.12135,0.058429,0.031514,-0.0012136,-0.002107,-0.048366,0.061729,-0.0080725,-0.043298,0.081889],
"ordenModelo":2,
"coef_AR":[-1.6885,0.85321],
"tiempoSegmSenal":[25.4552,25.4562],
"fs":22050
}
